step,greedy_return,sla,cost,p99,ndpr_viol,sampled_return
2.048000000000000000e+03,9.138063578300570100e+01,1.000000000000000000e+00,1.108919408461429112e+00,2.283138732910156321e+01,0.000000000000000000e+00,1.165985424466069560e+02
4.096000000000000000e+03,9.193017704076680729e+01,1.000000000000000000e+00,1.108918015100903265e+00,2.364338760375976634e+01,0.000000000000000000e+00,1.245450084496401644e+02
