step,greedy_return,sla,cost,p99,ndpr_viol,sampled_return,migrations
2.048000000000000000e+03,8.453217209164183998e+01,1.000000000000000000e+00,1.134563552164172595e+00,2.141182146072387837e+01,0.000000000000000000e+00,-1.230141397067684466e+02,1.800000000000000000e+01
4.096000000000000000e+03,8.373975127372320060e+01,1.000000000000000000e+00,1.136472660660012846e+00,2.153246240615844798e+01,0.000000000000000000e+00,-1.214719128756413795e+02,1.369999999999999929e+01
