step,greedy_return,sla,cost,p99,ndpr_viol,sampled_return,migrations
2.048000000000000000e+03,-1.124073901731218506e+01,9.000000000000000222e-01,1.121774101779669852e+00,9.103418273925781534e+01,0.000000000000000000e+00,-1.244048516431572295e+02,2.360000000000000142e+01
1.843200000000000000e+04,9.093630986878748956e+01,1.000000000000000000e+00,1.112079623755903413e+00,2.547708244323730398e+01,0.000000000000000000e+00,-1.050062773801012952e+02,6.799999999999999822e+00
