env,encoder,seed,steps,greedy_return,sampled_return,sla,cost,p99,ndpr_viol,migrations
v2,gat,1,4096,79.13199360600176,-121.52747312340766,1.0,1.0247483558147734,19.852942419052123,0,13.85
