env,encoder,seed,steps,greedy_return,sampled_return,sla,cost,p99,ndpr_viol,migrations
v2,gat,1,300000,72.78705839480415,40.526638450983214,1.0,1.0209430840240343,21.63359217643738,0,12.0
v2,gat,2,300000,123.31927440164756,104.40720301006021,1.0,1.0210259990130424,25.300292873382567,0,12.05
v2,gat,3,300000,74.73602831532683,57.98383691258855,0.95,1.0320980820501404,23.32412543296814,0,16.35
