encoder,seed,steps,greedy_return,sampled_return,sla,cost,p99,ndpr_viol
gat,1,4096,87.41907062096543,121.06176071832155,1.0,0.9941256432311377,22.39668140411377,0
